{

    "Radiostations": [
        "Standard-Radio https://streams.ilovemusic.de/iloveradio14.mp3",
        "Base-Radio.de https://baseradiode.stream.laut.fm/baseradiode",
        "Chill-Radio https://streams.ilovemusic.de/iloveradio17.mp3",
        "Dance-Radio https://streams.ilovemusic.de/iloveradio2.mp3",
        "Deutsch-Rap-Radio https://streams.ilovemusic.de/iloveradio6.mp3",
        "Greatest-hits-Radio https://streams.ilovemusic.de/iloveradio16.mp3",
        "Hip-hop-Radio https://streams.ilovemusic.de/iloveradio3.mp3",
        "Party-Radio https://streams.ilovemusic.de/iloveradio14.mp3",
        "Us-Rap-Radio https://streams.ilovemusic.de/iloveradio13.mp3",
        "X-Mas-Radio https://streams.ilovemusic.de/iloveradio8.mp3",
        "Greatest-hits-Radio https://stream-mz.planetradio.co.uk/net2national.mp3", 
        "Absolut-Radio http://icy-e-bab-02-gos.sharp-stream.com/absoluteradio.mp3",
        "Absolut-70s-Radio http://ais.absoluteradio.co.uk/absolute70s.mp3",
        "Absolut-80s-Radio http://ais.absoluteradio.co.uk/absolute80s.mp3",
        "Absolut-90s-Radio http://ais.absoluteradio.co.uk/absolute90s.mp3",
        "Absolut-2000s-Radio http://ais.absoluteradio.co.uk/absolute00s.mp3",
        "Absolut-Classic-Rock http://icy-e-bab-04-cr.sharp-stream.com/absoluteclassicrock.mp3",
    
        "Top-Radio http://loadbalancing.topradio.be/topradio.mp3", 
    
        "88.6-Radio http://radio886.fluidstream.eu/886_live.mp3", 
        "Hitradio-Ö3 http://mp3stream7.apasf.apa.at:8000/.mp3", 
    
        "NRJ-Radio http://cdn.nrjaudio.fm/audio1/fr/30001/mp3_128.mp3",
        "Radio-France-Radio http://direct.fipradio.fr/live/fip-midfi.mp3",
    
        "Rai-Radio http://icestreaming.rai.it:80/1.mp3",
        "Veronica-Radio http://icestreaming.rai.it:80/2.mp3",
    
        "ERR-Radio http://icecast.err.ee:80/vikerraadio.mp3",
        "Tallin-Radio http://icecast.err.ee:80/raadiotallinn.mp3",
    
        "Color-Music-Radio http://icecast8.play.cz/color128.mp3",
        "Helax-93.7-Radio http://ice.abradio.cz:8000/helax128.mp3",
    
        "Český-rozhlas-Radio http://icecast6.play.cz/cro2-128.mp3",
        "Spin-Radio http://icecast4.play.cz/spin128.mp3",
    
        "BB-Radio http://icecast.omroep.nl/radio1-bb-mp3",
        "538-Radio http://21223.live.streamtheworld.com/RADIO538.mp3",
    
        "radio90-cieszyn http://streams2.radio90.pl:8000/radio90_128kbps_stereo.mp3",
        "Fama-Radio http://stream2.nadaje.com:8076/,stream.mp3"
      ],
  
    "EU":{
      "United_Kingdom":[
        "Greatest-hits-Radio https://stream-mz.planetradio.co.uk/net2national.mp3", 
        "Absolut-Radio http://icy-e-bab-02-gos.sharp-stream.com/absoluteradio.mp3",
        "Absolut-70s-Radio http://ais.absoluteradio.co.uk/absolute70s.mp3",
        "Absolut-80s-Radio http://ais.absoluteradio.co.uk/absolute80s.mp3",
        "Absolut-90s-Radio http://ais.absoluteradio.co.uk/absolute90s.mp3",
        "Absolut-2000s-Radio http://ais.absoluteradio.co.uk/absolute00s.mp3",
        "Absolut-Classic-Rock http://icy-e-bab-04-cr.sharp-stream.com/absoluteclassicrock.mp3",
        "Variety-Online-Radio https://everestcast.shoutcastservices.com:1295/stream",
        "BBC-World-Service http://sc11.iad.llnw.net/stream/bbcwssc_mp1_ws-eieuk_backup",
        "LBC-RADIO http://icecast.thisisdax.com/LBC973"
      ],
      "Austria":[
        "Hitradio-Ö3 https://orf-live.ors-shoutcast.at/oe3-q1a",
        "Radio-Arabella http://arabella.stream.kapper.net:8000/arabellavie",
        "ENERGY-Austria http://streaming.streema.com/listen-nrj",
        "Radio-88.6 https://radio886.fluidstream.eu/886_hardrock.mp3",
        "Radio-Wien https://orf-live.ors-shoutcast.at/wie-q1a",
        "Njoy http://94.136.28.9:8005/njoyradio-hd",
        "Radio-Stephansdom http://radioklassikstephansdom.ice.infomaniak.ch/radioklassikstephansdom.mp3",
        "Volksmusik http://167.86.97.222:8007/volksmusikpur",
        "Fm4 https://orf-live.ors-shoutcast.at/fm4-q1a",
        "Antenne http://streamplus20.leonex.de:24954/;;"
      ],
      "Belgium":[
        "Radio-Stad http://stream2.radiostad.org:8344/;;",
        "La-Classica http://stream.laclassica.be:8023/stream",
        "Joe-FM-Fm-96.7 http://playerservices.streamtheworld.com/api/livestream-redirect/JOE.mp3 ",
        "Instrumentals-Forever http://184.75.223.178:8151/stream/;",
        "VRT-Radio http://icecast.vrtcdn.be/ra2vlb-high.mp3",
        "Nostalgie-FM-102.9 http://nostalgiewhatafeeling.ice.infomaniak.ch/nostalgiewhatafeeling-128.mp3",
        "Studio-Brussel-FM-100.6 http://icecast.vrtcdn.be/stubru-high.mp3",
        "RTBF-Class http://radios.rtbf.be/classic21-128.mp3/;",
        "Q-Music http://playerservices.streamtheworld.com/api/livestream-redirect/QMUSICAAC.aac",
        "Radio-Minerva http://icecast.movemedia.eu/minerva"
      ],
      "Bosnia":[
        "Big-Radio-Big-2 http://188.124.211.103:8100/big2",
        "Novi-Radio-Bihac http://163.172.213.155:8119/stream",
        "Radiopostaja-MIR-Medugorje http://213.133.102.58:23565/stream",
        "RSG-Radio http://195.201.112.14:9000/;;",
        "Radio-BIR http://188.40.62.20:8090/stream/;",
        "Radio-Velkaton http://188.40.62.20:8044/;stream.mp3;",
        "Radio-Odžak http://play.radioodzak.com:8000/;",
        "USK-Radio http://radiousk.radioca.st:8034/stream/;",
        "Radio-Bihać http://hydra.shoutca.st:8249/stream/;",
        "Skala-Radio http://163.172.213.155:9049/;"
      ],
      "Czech":[
        "Rádio-Classic-FM https://icecast8.play.cz/classic128.mp3",
        "RFE/RL-Radio-Farda http://stream.radiojar.com/cp13r2cpn3quv",
        "Rádio-Čas http://icecast7.play.cz/casradio32.mp3",
        "Radio-1-FM-91.9 http://icecast-u2.play.cz:8000/radio1-128.mp3",
        "Radio-Blanik http://ice.abradio.cz/blanikfm128.mp3",
        "Kiss-98-FM http://icecast4.play.cz/kiss128.mp3",
        "Evropa-2-Maxximum-Muziky http://ice.actve.net/fm-evropa2-128",
        "E2-Evropa-2 http://playerservices.streamtheworld.com/api/livestream-redirect/EVROPA2.mp3",
        "Dance-Radio http://playerservices.streamtheworld.com/api/livestream-redirect/DANCEAAC.aac",
        "Rádio-BEAT http://icecast2.play.cz/radiobeat128.mp3"
      ],
      "Denmark":[
        "Nordic-Lodge https://larry.torontocast.com:2095/stream",
        "La-Salsa-Del-Tren-Del-Sabor http://81.196.107.46:50380/;",
        "Skala.FM-Kolding https://webradio.skala.fm/kolding",
        "Radio-Tango https://laut.fm/tangocopenhagen?autoplay=1",
        "Specific-Radio http://stream.specific.dk/radio",
        "DR-P4-Nordjylland http://live-icy.gss.dr.dk/A/A10H.mp3",
        "Radio-Nordjyske http://stream.anr.dk/nordjyske",
        "DR-P4-København http://live-icy.gss.dr.dk:8000/A/A08L.mp3",
        "Radio-Alfa http://89.249.7.68:8050/alfa",
        "902FM http://stream.wlmm.dk/902fmmp3/;"
      ],
      "Germany":[
        "TechnoBase http://mp3.stream.tb-group.fm/tb.mp3",
        "RadioParty http://stream.laut.fm/radioparty",
        "Base-Radio.de https://baseradiode.stream.laut.fm/baseradiode",
        "NeruxFM http://stream.laut.fm/neruxfm",
        "ENERGY http://185.52.127.162/de/33003/mp3_128.mp3",
        "80s80s-Real80s http://streams.80s80s.de/80s80s/mp3-192/streema/",
        "Magic-FM http://stream.laut.fm/magic-top100",
        "iLoveRadio https://streams.ilovemusic.de",
        "Chill-Radio https://streams.ilovemusic.de/iloveradio17.mp3",
        "Us-Rap-Radio https://streams.ilovemusic.de/iloveradio13.mp3"
      ],
      "Hungary":[
        "Argentine-Tango http://streaming2.argentinetangoradio.com/2202_128.mp3",
        "Szent-Istvan http://online.szentistvanradio.hu:8000/;;",
        "InfoRádió http://stream.infostart.hu/lejatszo",
        "Klubrádió http://stream.klubradio.hu:8080/bpstream",
        "Cool-FM-Budapest http://mediagw.e-tiger.net:8000/stream/coolfm",
        "Retro-Rádió http://stream.retroradio.hu/high.mp3",
        "CEU-Medieval http://stream3.virtualisan.net:7020/;",
        "Rádió-1-Békéscsaba http://stream3.radio1.hu/high.mp3",
        "Magyar-Rádió-Zrt http://stream001.radio.hu:8080/mr3.mp3",
        "90.9-Jazzy http://s04.diazol.hu:9500/live.mp3"
      ],
      "Ireland":[
        "Deep-House-Radio http://37.187.93.104:8589/deep/;",
        "Radio-Kerry https://edge.audioxi.com/KERRY",
        "Highland-Radio https://edge.audioxi.com/HIGHLAND",
        "Halloween-FM http://christmasfm.cdnstream1.com/2552_128.mp3",
        "Live-Ireland-Channel-1 http://192.111.140.11:8058/stream/;",
        "Midwest-Irish-Radio https://edge-audio-03-gos2.sharp-stream.com/midwestfmie2.aac",
        "RTÉ-Raidió-na-Gaeltachta http://icecast1.rte.ie:8000/rnag",
        "Heartbeat-FM http://cast5.magicstreams.gr:8010/stream/;",
        "Gem-Radio-New-Wave http://62.210.10.4:8928/stream/;",
        "Primal-Radio http://199.101.51.168:8058/stream/;"
      ],
      "Italy":[
        "Antenna-1 http://167.114.251.212/stream/;",
        "Virgin-Radio http://icy.unitedradio.it/VirginRockClassics.mp3",
        "Radio-Velluto https://stream3.xdevel.com/audio1s975447-157/stream/icecast.audio",
        "LolliRadio https://stream.lolliradio.net/lolli_italia.mp3?FLID=D",
        "Venice-Classic-Radio http://uk2.streamingpulse.com/ssl/vcr1",
        "Radio-Margherita http://onair20.xdevel.com:8011/;",
        "Radio-Kiss-Kiss http://ice06.fluidstream.net/KKItalia.aac",
        "Rai-Radio-1 https://icestreaming.rai.it/1.mp3",
        "Radio-Sportiva https://mediahit.inmystream.it:9000/stream",
        "Lazio-Style http://nr9.newradio.it:9043/stream/;"
      ],
      "Luxembourg":[
        "Radio-Latina http://ice.creacast.com/radio-latina-lu-mp3",
        "L'essentiel-Radio http://lessentielradio.ice.infomaniak.ch/lessentielradio-128.mp3",
        "Radio-100.7 http://100komma7.cast.addradio.de/100komma7/live/mp3/128/stream.mp3",
        "Radio-Ara http://stream.ara.lu/stream.mp3",
        "Eldoradio http://81.92.238.33/;;",
        "Radio-Gutt-Laun http://rgl.selfip.net:8000/mp3/;",
        "Radio-Hajer http://s3.slotex.pl:7648/;;",
        "Radio-Diddeleng http://radiodudelange.ice.infomaniak.ch/radiodudelange-128.mp3",
        "RTL-Radio http://81.92.238.32/;;",
        "Radio-LRB http://zeus.lrb.lu:8000/lrb.live"
      ],
      "Romania":[
        "Prima-Radio-87.9 http://89.121.210.62:8000/",
        "Radio-Vocea-Evangheliei http://38.96.148.39:6700/;",
        "Radio-Romania-Resita http://89.238.227.6:8342/;",
        "Radio-Gosen http://ascultaradiogosen.no-ip.org:8125/;",
        "Radio-Romantik http://5.196.244.141:1966/;",
        "Radio-România-Actualități http://89.238.227.6:8008/;",
        "Radio-Trinitas http://live.radiotrinitas.ro:8000/;",
        "Radio-Gangsta http://live.radiogangsta.ro:8800/;",
        "RVE-Sibiu http://c13.radioboss.fm:8286/autodj",
        "Radio-ZEN http://live-zen.distinct.ro:8000/;"
      ],
      "Serbia":[
        "Radio-Buca http://live.bucaradio.com:8000/;",
        "Radio-Llapi http://radio.1dhe1.com:8555/stream",
        "Radio-Morava http://e3.radiomorava.rs/radio/8000/radiomorava128.mp3",
        "Ok-Radio http://live4.okradio.net:8052/;",
        "Radio-Vizioni http://live.rcast.net:8570/stream",
        "Radio-Ada http://94.130.196.243:9010/stream/;",
        "Radio-Karolina http://streaming.karolina.rs:8000/karolina",
        "Radio-Ritam-Srca http://51.75.146.35:8008/RadioRitamSrca",
        "Radio-Antena http://antenaradio.org:4560/;",
        "Radio-Duga http://46.105.43.31:8014/stream/;"
      ],
      "Spain":[
        "Blue-Marlin-Ibiza http://ice1.viastreaming.net:8635/live",
        "Top-Radio http://19003.live.streamtheworld.com/TOPRADIOAAC_SC",
        "Costa-Del-Mar-Radio https://radio4.cdm-radio.com:18020/stream-mp3-Chill",
        "Ibiza-Global-Radio http://ibizaglobalradio.streaming-pro.com:8024/;",
        "Ibiza-Live-Radio http://streams.radio.co/sdc9cfaf77/listen",
        "Kiss-FM http://kissfm.kissfmradio.cires21.com/kissfm.mp3Máxima FM Madrid ",
        "Máxima-FM-Madrid http://178.32.146.184:2088/stream/;",
        "Radio-Galega http://wecast-b01-04.flumotion.com/radiogalega-musica/live.mp3",
        "Los40-Classic http://playerservices.streamtheworld.com/api/livestream-redirect/LOS40_CLASSIC.mp3",
        "esRadio http://libertaddigital-radio-live1.flumotion.com/libertaddigital/ld-live1-low.mp3"
      ],
      "Sweden":[
        "Radio-Ayeneh-http://83.251.229.97/streampath1.mp3/;",
        "Retro-FM http://live-bauerse-fm.sharp-stream.com/retrofm_aacp",
        "Hamsafar-Radio http://streamingv2.shoutcast.com/Hamsafarradio/;",
        "Radio-Pontos-Stockholm http://213.188.154.38:8000/live.mp3/;",
        "NRJ-Sverige https://live-bauerse-fm.sharp-stream.com/nrj_instreamtest_se_aacp",
        "The-Voice http://194.16.21.227/voice_se_aacp?ua=WEB&type=.flv&region=mmo&amsparams=playerid%3ASBS_RP_WEB%3Bskey%3A1440595688%3B&listenerid=b33367aa21f8f1d7789225a512c481&awparams=companionAds%3Atrue",
        "Rocket-FM http://stream.thsradio.se:8000/;",
        "SR-P2-Musik https://http-live.sr.se/p2musik-aac-32",
        "SR-P3-Stockholm http://http-live.sr.se/p3-aac-32",
        "Radio-Sydvast http://149.255.59.3:8049/stream/;"
      ],
      "TURKEY":[
        "fenomen http://fenomen.listenfenomen.com/fenomen/128/icecast.audio",
        "kral http://46.20.3.204/",
        "slowtürk https://radyo.duhnet.tv/slowturk?/;stream.mp3",
        "kralpop http://46.20.3.201/;",
        "halay http://37.247.98.8/stream/30/",
        "fenomentürk http://fenomenturk.listenfenomen.com/fenomenturk/128/icecast.audio ",
        "powertürk http://powerturkeniyiler.listenpowerapp.com/powerturkeniyiler/mpeg/icecast.audio",
        "turkrapfm http://95.173.188.166:9984/stream?type=http&nocache=56100",
        "trt-radyo http://radyo.trt.net.tr/ext/js/list.m3u8",
        "line http://radioline.fm:8000/"
      ],
      "Ukraine":[
        "Радио-Шансон http://media2.brg.ua:8000/shanson_h",
        "Львівська-Хвиля http://onair.lviv.fm:8000/lviv.fm",
        "Наше-Радио-Киев http://cast.nashe.ua/nashe",
        "Ух-Радiо http://193.169.80.7:8001/efir",
        "Hit-FM-Ukraine http://online-hitfm.tavrmedia.ua/HitFM",
        "Авторадіо http://cast.radiogroup.com.ua:8000/avtoradio",
        "KISS-FM-Ukraine http://online-kissfm.tavrmedia.ua/KissFM",
        "Радио-Обозреватель https://radio-stream-0.obozrevatel.com/rep128.mp3",
        "Русское-Радио-Украина http://online-rusradio.tavrmedia.ua/RusRadio",
        "Gala-radio http://185.65.245.34:8000/kiev",
        "avamedia-radioca https://avamedia.radioca.st/live"
      ]
      },
    "AMERICA": {
      "":[
        " ",
        " ",
        " ",
        " ",
        " ",
        " ",
        " ",
        " ",
        " ",
        " "
      ]
    },
    "OTHERS": {
      "request": [
        "I-love-Radio-104 https://streams.ilovemusic.de/iloveradio104.mp3",
        "Europa-2 http://stream.radioservices.sk/europa2.mp3",
        "Desizone http://www.desizone.nl:8000//;?type=http&nocache=175387",
        "Stream-Open-Fm-87 http://stream.open.fm/87",
        "Ice-Streaming-Rai https://icestreaming.rai.it/1.mp3",
        "Ice-Cast-Kiss http://icecast1.play.cz/kiss128.mp3",
        "EVROPA2 https://online.evropa2.cz/",
        "Ibiza https://ice1.viastreaming.net:8443/live",
        "streammax_6 https://streammax6.radioca.st/streammax6.pls",
        "Dutch-radio2 http://icecast.omroep.nl/radio2-bb-mp3",
        "Stream-Open-Fm-64 http://stream.open.fm/64",
          "Sunshine-live http://sunsl.streamabc.net/sunsl-die2000er-mp3-192-3233898?sABC=5ss2s789%230%230rr4q58s627so2445pr72sns3p674323%23fgernz.fhafuvar-yvir.qr&=&amsparams=playerid:stream.sunshine-live.de;skey:1609758601",
        "RMF-Max http://217.74.72.10/rmf_maxxx",
        "Top-100-Station https://s38.derstream.net/top100station.mp3",
        "topmusic-agoranoar http://stm39.srvstm.com:7920/stream",
        "Radio-Eska https://radio.stream.smcdn.pl/icradio-p/t042-1.mp3/playlist.m3u8",
        "Europa-2 https://stream.radioservices.sk/europa2.mp3",
        "Radio-Cardiff https://radiocardiff.radioca.st//stream",
        "Stream-Fm-102 http://stream.open.fm/102",
        "I-love-Radio-104 https://streams.ilovemusic.de/iloveradio104.mp3",
        "Deutschlands-Biggest-Hits https://streams.bigfm.de/bigfm-deutschland-128-mp3?usid=0-0-H-M-M-01",
        "Veronika-64 http://149.13.0.80/veronika64",
        "Dechovka-128 http://icecast5.play.cz/dechovka128.mp3",
        "OUI-FM https://stream.ouifm.fr/ouifm-high.mp3",
        "metro http://17773.live.streamtheworld.com/METRO_FM_SC",
        "radyod http://radyo.dogannet.tv/radyod",
      "superfm http://17733.live.streamtheworld.com/SUPER_FM_SC",
      "JoyFm https://playerservices.streamtheworld.com/api/livestream-redirect/JOY_FM.mp3",
      "fenomenakustik http://fenomenakustik.listenfenomen.com/fenomenakustik/128/icecast.audio ",
      "show http://46.20.3.229/;",
      "taksimclup http://cast1.taksim.fm:8016",
      "megafm http://46.105.35.48:9346/; ",
      "fenomenpop http://fenomenoriental.listenfenomen.com/fenomenpop/128/icecast.audio ",
      "showpop http://46.20.3.229/;",
      "powerakustik http://powerturkakustik.listenpowerapp.com/powerturkakustik/mpeg/icecast.audio ",
      "fenomenrap http://fenomenoriental.listenfenomen.com/fenomenrap/128/icecast.audio ",
      "fenomentürk http://fenomenturk.listenfenomen.com/fenomenturk/128/icecast.audio ",
      "barışmanço http://nmbshsource.mediatriple.net:7000/stream/22/",
      "popularfm http://37.59.205.232:9344/;",
      "palslow http://shoutcast.radyogrup.com:2020/stream/1;",
      "radyopop http://80.radyopop.com/stream/1/",
      "clubmix http://cast1.taksim.fm:8016/;",
      "türkfm http://turkiyemfm.canliyayinda.com:8032/;",
      "hitfm http://yayin.turkiletisim.com.tr:1094/;",
      "powertürkcover http://powerturkcover.listenpowerapp.com/powerturkcover/mpeg/icecast.audio",
      "showradyo http://windows.showradyo.com.tr/;"
      ]  
    }  
  }