{
    "success": "<:success:736449240728993802>",
    "fail": "<:fail:736449226120233031>",
    "info": "<:info:747301294188003329>",
    "fun": "<:fun:747303478472474732>",
    "color": "<:color:747306771097452615>",
    "points": "<:points:747315035344338956>",
    "misc": "<:misc:747316657982144594>",
    "mod": "<:mod:747317945205653525>",
    "admin": "<:admin:747318896612081694>",
    "owner": "<:zz_pinkstars:826520739275341854>",
    "discord_employee": "<:DISCORD_EMPLOYEE:735339014621626378>",
    "discord_partner": "<:DISCORD_PARTNER:735339215746760784>",
    "bughunter_level_1": "<:BUGHUNTER_LEVEL_1:735339352913346591>",
    "bughunter_level_2": "<:BUGHUNTER_LEVEL_2:735339420667871293>",
    "hypesquad_events": "<:HYPESQUAD_EVENTS:735339581087547392>",
    "house_brilliance": "<:HOUSE_BRAVERY:735339756283756655>",
    "house_bravery": "<:HOUSE_BRILLIANCE:735339675102871642>",
    "house_balance": "<:HOUSE_BALANCE:735339871018942466>",
    "early_supporter": "<:EARLY_SUPPORTER:735340061226172589>",
    "verified_bot": "<:VERIFIED_BOT:735345343037833267>",
    "verified_developer": "<:VERIFIED_DEVELOPER:735340154310361202>",
    "online": "<:online:735341197450805279>",
    "idle": "<:idle:735341387842584648>",
    "offline": "<:offline:735341676121554986>",
    "dnd": "<:dnd:735341494537289768>",
    "verify": "<a:verify:747328681420128356>",
    "voice": "<:voice:735665114870710413>",
    "pong": "<:pong:747295268201824307>"
  }